name,score,email
Ryan Martin2485,200,martin40@gmail.com
William Conway804,553,rmoody@yahoo.com
Samantha Evans3603,101,cowanteresa@yahoo.com
Claudia Dunn7395,136,qhernandez@hotmail.com
Rodney Reyes6916,761,kyle62@hotmail.com
Joseph Johnson1492,519,ybrown@gmail.com
Andre Brown2582,882,jenniferfloyd@hotmail.com
Tyler Olsen6239,137,xleon@hotmail.com
Kyle Roberts3719,793,jdavis@gmail.com
Kathy Strong6520,133,samantha23@gmail.com
Mr. Alan Martinez93,605,ariana36@yahoo.com
Janice Yoder1146,338,joshuabaxter@hotmail.com
Cynthia Smith5663,885,tmason@gmail.com
Andrew Black2436,838,tamaragomez@yahoo.com
Kimberly Alexander947,781,tammyobrien@yahoo.com
James Lucas4097,863,gabriellemorgan@hotmail.com
Jacob Henderson6149,170,samantha70@hotmail.com
Benjamin Bolton4331,337,eharris@yahoo.com
Rhonda Mason6436,645,ramirezmadison@yahoo.com
Kristy Morales5501,711,iduffy@gmail.com
Ryan Cain6549,587,zcampbell@yahoo.com
Whitney Branch2655,846,burkealexander@gmail.com
Cynthia Todd5070,305,theresa24@yahoo.com
Tina Arnold1399,579,austinrivera@yahoo.com
Danielle Meyer9814,911,deborahjimenez@gmail.com
Sarah Ross6124,409,rebecca53@yahoo.com
Daniel Grant5318,986,lwallace@hotmail.com
Ryan Sawyer5002,992,daniel20@hotmail.com
Hailey Washington4139,650,denisemoore@hotmail.com
Alice Ward3279,917,dwolf@hotmail.com
Noah Lowery7319,202,cowanrebecca@hotmail.com
Debra Kerr6181,289,russell80@hotmail.com
Robert Downs876,625,jeremiah56@yahoo.com
Thomas Silva9836,809,matthewhenson@gmail.com
Manuel Villa7102,740,leslie19@gmail.com
Chelsea Miller217,413,ldavidson@gmail.com
Paula Sawyer561,655,chelseabryant@hotmail.com
Eric Farley1874,316,pamelahart@yahoo.com
Carolyn Thomas5317,261,dnguyen@yahoo.com
Jennifer Ramirez8526,400,alexandria89@yahoo.com
Kellie Patterson8524,235,elizabethtorres@yahoo.com
Savannah Richardson3708,673,erin79@gmail.com
Justin Porter1985,561,blake22@yahoo.com
Sandy Moody7901,818,parkerkathryn@yahoo.com
Sophia Cuevas3123,397,john22@yahoo.com
Timothy Williams784,887,brenda66@gmail.com
Carol Shelton2314,222,fjackson@yahoo.com
Christian Cordova2271,118,vfisher@yahoo.com
Renee Ray1943,147,jaredjohnson@gmail.com
James Martinez364,778,mcgeeleon@yahoo.com
Timothy Browning507,831,leeangela@hotmail.com
Andrea Price8796,671,karen29@gmail.com
Kevin Roberts3118,493,watsonmichael@hotmail.com
William Bailey3452,843,johntaylor@hotmail.com
Joseph Anderson2977,456,tracirobinson@yahoo.com
Holly Silva5413,703,shawn35@hotmail.com
Rebecca James7595,764,qscott@gmail.com
Joshua Ford9458,295,nelsontraci@gmail.com
Steven Brown6798,393,melissaball@yahoo.com
Jordan Jackson9818,131,sullivanmark@yahoo.com
Michelle Allen5480,729,martinjennifer@hotmail.com
Mark Mclean9970,869,roy49@yahoo.com
Marcia Rios7066,868,joanna70@yahoo.com
Willie Clark1362,378,stewarthoward@hotmail.com
Terrence Malone1209,809,lovejoseph@hotmail.com
Lisa Day320,435,caseyowens@yahoo.com
Juan Garcia4453,113,morganmelissa@hotmail.com
Dean Hansen2310,699,jordancharles@yahoo.com
Anna Martinez3850,416,jonathan71@gmail.com
Destiny Williamson5084,619,chadflores@hotmail.com
Brandon Davenport9425,522,lisalittle@gmail.com
Angela Castillo3175,166,erik35@hotmail.com
Bradley Frazier6333,330,johnsonmaria@gmail.com
Robert Lopez3152,826,alisonbell@gmail.com
Deborah Bennett2443,146,annehenry@gmail.com
Jessica Garrett2512,181,coxjuan@yahoo.com
Jose Haney3756,388,monicaalexander@gmail.com
Michael Owen2942,245,uwilliams@yahoo.com
Brian Hughes9318,268,frederickmiller@hotmail.com
Brian Brown5643,599,catherineharris@gmail.com
Eric Bird1998,897,davidmckinney@gmail.com
Angela Peters3463,307,landersen@hotmail.com
Derrick Matthews6045,402,reedemily@gmail.com
Jessica Brown9065,479,imoreno@hotmail.com
Richard Williams3257,744,brandonball@yahoo.com
David Wise4207,563,kellerapril@yahoo.com
James James5965,360,davidbrown@yahoo.com
Dr. Rebecca Mcclure7177,155,rodneymitchell@hotmail.com
Casey Martinez7519,316,david89@hotmail.com
Mark Fisher5925,108,psimpson@hotmail.com
Laura Berry1673,728,danielharris@yahoo.com
Melanie Yates9736,846,stucker@gmail.com
Marc Porter5821,331,imartinez@yahoo.com
Anthony Knapp772,597,benjamincruz@gmail.com
Lydia Mason1402,409,alison09@hotmail.com
Bradley Phelps6121,851,john94@gmail.com
Anthony Douglas3442,411,jessicaharris@gmail.com
Preston Liu3572,935,franciscomorgan@hotmail.com
Bradley Johnson3168,618,patriciaerickson@hotmail.com
Jean Burke6390,744,nancysmith@gmail.com
John Hall3544,766,pmurphy@yahoo.com
Julie Flores9472,633,terrelllaura@hotmail.com
Thomas Brown9599,285,luis94@yahoo.com
Charles Johnson5101,231,shepardleslie@hotmail.com
Bradley Johnson334,791,kevinbutler@gmail.com
Christopher Park815,761,rodneyhouston@yahoo.com
Christie Hayes7751,322,james83@yahoo.com
David Johnson2123,993,youngjoshua@hotmail.com
Vanessa Mitchell9951,454,leemichael@hotmail.com
Chad Drake1216,152,mcgeevanessa@hotmail.com
Anna Jackson8541,963,micheledavis@hotmail.com
Mrs. Lisa Bauer8260,805,flittle@hotmail.com
Brianna Knight8821,666,onichols@hotmail.com
Emily Gonzalez1562,160,stephenwiley@hotmail.com
Kevin Lang6070,997,jrogers@hotmail.com
Lisa Rodriguez8466,359,faulknerjuan@hotmail.com
Mitchell Young2539,398,rebeccaelliott@gmail.com
Dean Mccarthy8463,682,carolineschaefer@hotmail.com
Gregory Freeman6836,297,kathryncross@yahoo.com
Jordan Lopez7390,669,adamschristopher@yahoo.com
Elizabeth Gordon7391,179,joseph13@hotmail.com
Laura Juarez5929,927,gbradford@gmail.com
Tamara Reynolds6322,256,iaguilar@yahoo.com
Christian Gilbert2298,677,jamesavila@hotmail.com
Frank Smith2575,874,melissa47@gmail.com
Randy Green733,290,luke08@yahoo.com
Justin Jenkins8948,855,smithangela@yahoo.com
William Hines4428,954,cmcdonald@gmail.com
Lee Dudley5040,741,martinlisa@yahoo.com
Cameron Waller2196,780,jwilson@yahoo.com
Richard Snyder9233,105,josephwelch@gmail.com
Seth Stevens80,240,eharper@gmail.com
Daniel Howard3505,380,fbarrera@gmail.com
George Silva4750,960,williamsjennifer@hotmail.com
Melissa Davis4791,540,kwilliams@gmail.com
Bobby Potter1535,197,marcusevans@gmail.com
Doris Buchanan1754,765,morriskimberly@hotmail.com
Robert Ortiz6593,268,snydertracy@yahoo.com
Sabrina Richardson4461,974,dstevens@gmail.com
Sherry Stewart4485,563,uwilliams@gmail.com
David Tucker5692,327,debramoore@hotmail.com
Charles Ortiz8384,216,hpatterson@gmail.com
David Taylor5400,333,brandon20@gmail.com
Stacy Yates235,826,matthewerickson@hotmail.com
Richard Boyd4255,272,sophiahines@yahoo.com
Erin Wilkins4960,434,pruittchristina@yahoo.com
Kimberly Finley1051,521,ibaker@hotmail.com
Destiny Price7795,984,amyyork@yahoo.com
James Dunn6573,896,brandy27@hotmail.com
Craig Moran3178,936,ndavis@yahoo.com
Melissa Hernandez1242,857,wjimenez@yahoo.com
Stacey Miller3907,936,omarwells@yahoo.com
Brandon Snow3112,707,scastillo@hotmail.com
Kathryn Daniels1996,164,leematthew@hotmail.com
Tonya Smith5035,439,lgomez@hotmail.com
Mario Delacruz5668,867,becky93@yahoo.com
Chad Nicholson6801,593,laurenfoster@gmail.com
Rebecca Stanley1757,225,mcgeejennifer@hotmail.com
Carolyn Brown6,303,miguel10@hotmail.com
Michael Maldonado DDS7142,692,robinwoods@gmail.com
Nicholas Avery8860,333,chelsealambert@yahoo.com
Alice Garcia6807,281,judy20@yahoo.com
David Owen8214,517,dbrown@hotmail.com
Corey Perez8559,723,rebeccaschaefer@gmail.com
Matthew Hunt9568,326,lynchdana@yahoo.com
Raymond Gomez4446,150,tthompson@hotmail.com
Nathan Brown3874,802,sarahfreeman@yahoo.com
Elizabeth Lindsey2305,727,jacksonjames@yahoo.com
Jordan Richard1594,998,johnny95@hotmail.com
Michelle Spencer3683,362,andersonjessica@yahoo.com
Lisa Johnson3600,551,catherine18@gmail.com
Erica Cole7846,488,robert48@gmail.com
Tiffany Dalton605,614,lori87@hotmail.com
Christopher Morrow6526,618,mdaugherty@yahoo.com
Tanya Armstrong3442,325,kingmichael@gmail.com
Mary Pham2217,640,jonesjennifer@hotmail.com
Randall Aguilar9461,820,tfoster@yahoo.com
Paul Harmon7589,846,waltonelizabeth@yahoo.com
Nathan Phelps9144,688,fcolon@gmail.com
Matthew King5611,284,rachel58@hotmail.com
Laura Curry3878,714,grayalbert@hotmail.com
Donald Rios7799,325,smithjenna@gmail.com
Sara Hawkins7482,182,kimberlyhudson@gmail.com
Tom Woods4097,457,josephjensen@hotmail.com
Jeffrey Hansen8559,475,johnstonmeredith@yahoo.com
Elizabeth Parker9759,664,ytran@hotmail.com
Kristen Wilkerson6558,143,connor16@gmail.com
Thomas James8872,776,patrickdelacruz@hotmail.com
Jennifer Crawford8098,215,brownangela@yahoo.com
Tiffany Garcia8768,666,michael14@gmail.com
Michelle Decker1233,866,glowe@hotmail.com
Karen Smith5321,594,stephaniephelps@gmail.com
Brandon Hicks5047,557,paulroach@yahoo.com
Richard Thompson5675,502,nwilliams@yahoo.com
Richard Lucas8985,481,ssutton@yahoo.com
Jose Rose9351,796,lacey80@gmail.com
Jill Rodriguez9306,229,jose61@hotmail.com
Allen Figueroa5676,460,maystroy@hotmail.com
Christina Wilson6046,475,ashleygreen@hotmail.com
Daniel Hill6015,765,anna17@hotmail.com
Amy Thompson5220,964,cgordon@yahoo.com
Danielle Diaz7523,110,nmurray@hotmail.com
Kimberly Barber349,593,shawdaniel@yahoo.com
Paul Sanchez5398,608,alexismason@gmail.com
Stephen Long2586,452,fdavidson@yahoo.com
Tina Tate5495,584,arobinson@yahoo.com
Christopher Miller2317,451,thomasperez@yahoo.com
Thomas Webb6439,447,bbailey@gmail.com
Ian Moore3399,117,donald61@yahoo.com
Ryan Phillips9475,714,xcooper@hotmail.com
Lisa Morrison8355,682,jonesgeorge@yahoo.com
Scott Melendez2080,364,kevinspencer@gmail.com
Kimberly Benson9911,118,clarkamber@gmail.com
Caitlin Richmond2665,957,carol80@hotmail.com
Daniel Allen7764,159,zacharygreene@gmail.com
Kaitlyn Hudson4569,882,rogersevelyn@hotmail.com
Mark Tran381,366,lisa87@hotmail.com
Mark West512,834,rachel50@yahoo.com
Kristina Grant4411,208,rdavis@hotmail.com
Mrs. Adrienne Patterson6728,275,hickmankimberly@gmail.com
David Parker8202,599,garylove@hotmail.com
Monica Perry7347,607,bdavies@gmail.com
Chloe Glover804,846,johnwheeler@yahoo.com
Joseph Ross5649,539,yfoster@yahoo.com
Kenneth Murray5895,322,xmartinez@yahoo.com
Curtis Wells1836,294,ywade@hotmail.com
Justin Downs6871,447,hhiggins@gmail.com
Michelle Watson6821,348,elizabeth26@gmail.com
Christine Turner9716,520,eburke@gmail.com
Kenneth Smith5708,927,lauramcpherson@hotmail.com
Jay Hayden5790,403,edwardsmichael@gmail.com
Kimberly Sanders6684,116,stevenpierce@gmail.com
Douglas Hoffman9904,750,ashleycollins@gmail.com
Stephanie Perez2123,538,mary83@gmail.com
Nicole Nguyen4144,134,katherineboone@yahoo.com
Juan Santos7523,451,jessicabates@yahoo.com
Matthew Hernandez8022,627,megan59@gmail.com
Nicholas Ferguson9846,947,ynelson@hotmail.com
Brian Molina2045,982,roberttyler@hotmail.com
Edward Cervantes9148,107,vjones@gmail.com
Kathleen Mitchell9196,542,gregorybryan@gmail.com
William Ruiz3933,550,zgarza@gmail.com
Robert Reynolds2297,634,lblackwell@yahoo.com
Caroline Martin7464,794,zburton@gmail.com
Mandy Becker9331,982,aaronkim@gmail.com
Chloe Dawson8025,521,isaac38@yahoo.com
Robin Santana4075,774,dannytucker@hotmail.com
Amy Cowan DVM936,695,yjohnson@yahoo.com
Brittany Henderson7521,704,sharpsarah@hotmail.com
Crystal Murphy3176,947,wilsonjoseph@hotmail.com
Lori Smith1027,907,johnny12@yahoo.com
Matthew Henderson3357,720,joshuaortiz@hotmail.com
Corey Hicks9507,297,ufuller@gmail.com
Lauren Hendrix4842,418,kpalmer@gmail.com
Adam Burnett4874,162,huntmichelle@yahoo.com
Elizabeth Bond5248,336,bensonadriana@hotmail.com
Ronald Dodson5291,298,rebeccajones@hotmail.com
Daniel Fox8087,709,russell77@yahoo.com
Kristina Fowler603,875,lamrobert@hotmail.com
Jordan Wyatt2907,751,amandaflowers@hotmail.com
Brandon Oconnell6993,600,jeffrey74@gmail.com
Susan Foster932,790,katherine47@hotmail.com
Miranda Miller6475,177,silvacarla@gmail.com
Anne White3618,118,davidvaldez@yahoo.com
Daniel Rosario9471,329,sharon89@gmail.com
Kenneth Benjamin8938,642,marilyn80@yahoo.com
Denise Coleman3311,208,sswanson@yahoo.com
Lisa Mcknight6983,662,ecooper@yahoo.com
Bryan Mills7521,681,mckenzie55@gmail.com
Bradley Fuentes676,987,higginsmichael@yahoo.com
Eugene Jones9980,327,stephanie09@yahoo.com
Julie Banks8342,239,amelton@hotmail.com
Ms. Rebecca Farley MD55,369,bclayton@gmail.com
Paige Smith5217,411,crystalperez@yahoo.com
Kenneth Freeman2952,587,tmendez@gmail.com
Crystal Gilbert3659,747,lee76@hotmail.com
Samuel Moyer3199,126,nmartinez@yahoo.com
Joel Thomas54,442,maddoxcharles@yahoo.com
Pamela York8104,742,jennamoody@hotmail.com
Caleb Buckley5257,369,juarezzachary@gmail.com
Carrie White8517,237,gcaldwell@yahoo.com
Angela Williams2798,366,leroyrobinson@gmail.com
Adam Smith4669,256,wcummings@yahoo.com
Dr. Shaun Chavez6871,451,glovertracy@hotmail.com
Aaron Garcia9105,275,michelle32@gmail.com
Michael Ayers8256,944,lauren47@hotmail.com
Lindsay Waller2675,100,drewfisher@hotmail.com
Adam Murillo6955,770,rogeryoung@hotmail.com
Kendra Simon1516,630,michelle10@gmail.com
Jason Francis334,915,christina38@hotmail.com
Yesenia Mclean7864,465,garciarobert@yahoo.com
Morgan Rich9525,967,alleneric@hotmail.com
Kirk Brown3648,565,petermiller@hotmail.com
Alisha Rodriguez1712,958,foxshannon@hotmail.com
Lisa Weeks5397,583,fhinton@hotmail.com
Jeffrey Walsh5126,642,evanskyle@gmail.com
Kristi Brady5829,990,ccharles@gmail.com
Matthew Davidson4338,434,parkerashley@gmail.com
Stephanie Rodriguez7544,874,markmarshall@yahoo.com
Dr. Lynn Gonzalez4613,500,jacksonerik@yahoo.com
Antonio Martinez4508,669,bishopbeth@gmail.com
Cory Miller9111,214,erinrussell@hotmail.com
John Sandoval8502,494,wwalker@hotmail.com
Cory Thomas6396,134,robertshaw@yahoo.com
Thomas Smith8864,924,blackdiana@yahoo.com
Richard King3508,912,strongemily@hotmail.com
Heather Vega8669,339,justin35@hotmail.com
Sarah Wilson9192,434,joseph61@hotmail.com
Gary White4495,803,hillcristina@gmail.com
Miguel Watkins7880,883,tvaughn@yahoo.com
Lori Thompson5060,902,castromaria@yahoo.com
Briana Garcia3585,533,kristenweaver@yahoo.com
Stephen Page9005,568,linda79@gmail.com
Robert Mclaughlin6312,734,jonathan79@yahoo.com
Miranda Watson5032,718,christine49@gmail.com
Diane Robinson3526,440,justin50@hotmail.com
Sarah Cooley3303,543,saraprice@gmail.com
Rodney Sanders6363,540,jamesklein@hotmail.com
Linda Brown9021,873,montoyatheresa@gmail.com
Anthony Collins6200,653,ecampbell@hotmail.com
Sean Parker4085,390,lauriehutchinson@yahoo.com
Christopher Duncan3463,749,sanchezconnie@yahoo.com
Michael Morgan4146,526,flemingmargaret@hotmail.com
Matthew Brown3011,430,pevans@hotmail.com
Terrance Gutierrez3145,763,crystal63@yahoo.com
Denise Snyder6501,921,toddbass@gmail.com
Amber Lee DVM9419,128,stephanie04@gmail.com
Jacob Caldwell9357,717,deborah25@gmail.com
Angela Ross2554,166,harold73@gmail.com
Joel Edwards3421,670,williamsandrew@hotmail.com
Christopher Williams4119,586,qlynn@gmail.com
Robert Huffman5173,824,kentdavis@yahoo.com
Susan Hanson2550,268,hendrickstaylor@hotmail.com
James Harper8013,984,ofoley@yahoo.com
Cameron Wright2918,296,catherine27@yahoo.com
Ashley Ortiz1618,450,stewartphillip@gmail.com
Erika Huang9984,610,thomasfischer@hotmail.com
Pamela Medina3226,707,cody62@yahoo.com
Michael Taylor6992,388,dylan09@gmail.com
Emily Wheeler222,389,myersanthony@gmail.com
Dean Lee971,716,nicholasshort@yahoo.com
Louis Reed7529,444,wrightjoan@gmail.com
William Hill8565,733,nrichardson@hotmail.com
Robert Hale5016,344,jklein@yahoo.com
Devon Holt1385,301,tsmall@hotmail.com
Albert Price3725,917,youngmarc@yahoo.com
Jessica Sparks5910,166,smithmargaret@hotmail.com
Bethany Hughes541,161,jay18@gmail.com
Zachary Baker6531,843,anelson@yahoo.com
Alan Osborne6523,353,deborah98@hotmail.com
Clarence Blair9463,347,upaul@hotmail.com
Kelsey Smith9698,569,sandra60@gmail.com
Elizabeth Page7769,504,zdrake@gmail.com
Kimberly Hendricks1703,767,abigailhurley@yahoo.com
Devon Ortiz8135,872,nicolethompson@gmail.com
Julie Gomez1533,447,freemanmichele@gmail.com
Mary Swanson6455,303,alyssarobinson@gmail.com
Damon Wright3276,978,davidbrown@hotmail.com
Cameron Curtis9665,467,saguilar@yahoo.com
Alex Clarke1004,103,jthomas@gmail.com
Dr. Amber Garcia4121,340,ivega@yahoo.com
Thomas Hays8811,249,nicole01@hotmail.com
Kathryn Randall5809,551,langbrad@gmail.com
Michael Davis67,254,fclements@gmail.com
Alison Harrison616,857,caitlin96@hotmail.com
Jeffery Gardner DVM365,786,pmitchell@gmail.com
Randy Vincent6549,642,elizabethreynolds@yahoo.com
Brian Jackson6772,653,jamesmartin@gmail.com
Shannon Porter8282,256,janet27@gmail.com
Scott Frost8664,328,msmith@yahoo.com
Emily Brown4945,533,jennifer03@yahoo.com
Jodi Black156,954,qknight@hotmail.com
Lauren Flynn9847,302,kenneth96@yahoo.com
Kelly Mayer5385,663,emilyrose@yahoo.com
Kathryn Gutierrez48,342,ypeters@gmail.com
David Trujillo7494,803,longstephanie@yahoo.com
Melanie Holt8447,208,laura37@yahoo.com
Anna Hull1342,216,qvelasquez@yahoo.com
Adrian Jones9630,899,marksmegan@yahoo.com
Briana Schwartz2233,635,imcbride@gmail.com
Adam Velez679,418,bobbycook@hotmail.com
Shannon Garcia4628,548,qcaldwell@gmail.com
Jose Morrison5470,270,christopher74@yahoo.com
Michael Matthews1023,170,jamesfox@yahoo.com
Gregory Wilson6274,185,theresa19@gmail.com
Kimberly Miller5426,823,katherine98@gmail.com
Jeremy Hart180,828,matthewcox@gmail.com
Nicholas Sullivan9848,171,brianmarsh@hotmail.com
Elizabeth Butler7457,484,darryl25@gmail.com
Carolyn Barrera3789,310,broberts@gmail.com
Theresa Williamson4103,815,ubaldwin@gmail.com
Pamela Jackson7007,493,debrapope@yahoo.com
Jason Bryan9076,950,roachgregory@gmail.com
Patricia Powell1850,277,victorwagner@gmail.com
Christina Gomez6235,900,davidking@yahoo.com
Suzanne Thomas7623,787,ortizbradley@gmail.com
Cody Jordan2714,321,krystalsmith@hotmail.com
Christine Carlson5954,953,christopherking@gmail.com
Andrea Tran5448,587,bennettwalter@yahoo.com
Briana Jenkins9283,254,donaldmoore@gmail.com
Samantha Martin5830,704,micheal18@yahoo.com
Sarah Cook7060,176,sturner@yahoo.com
Brian Reed3898,727,ublair@gmail.com
Rachel Simon2165,801,denise09@gmail.com
Daniel Ramirez6876,926,deborah52@gmail.com
Heather Brooks4998,715,michellemurphy@hotmail.com
John Patel6772,879,jonesjennifer@yahoo.com
Keith Obrien647,802,markanderson@hotmail.com
Kathryn Adams6730,524,crystal01@yahoo.com
Michelle Harrington7681,787,tiffany71@hotmail.com
Jesus Farmer3507,303,brian92@gmail.com
James Jones4158,399,penningtondaniel@yahoo.com
Patrick Johnson1853,538,mauricegray@hotmail.com
Nicole Coffey9773,964,frowe@yahoo.com
Kenneth Jones7677,594,pamela29@gmail.com
Robin Parrish9419,753,bartonjohnny@gmail.com
Kayla Harris5829,525,raymondcandice@gmail.com
Keith Williams3147,655,ithompson@gmail.com
Cynthia Martin1667,210,adrianoconnor@hotmail.com
Jonathan Edwards9827,254,qhale@yahoo.com
Sarah Faulkner7445,840,qwashington@gmail.com
David Smith887,245,christopher08@hotmail.com
Matthew Davis5815,222,djennings@gmail.com
William Kennedy589,990,qmccall@hotmail.com
Charles Kennedy6550,200,lisa29@yahoo.com
Elizabeth Donovan8789,134,wanda87@gmail.com
Janet Anthony5416,763,christophermorgan@hotmail.com
Matthew Crawford8918,472,patricia20@yahoo.com
Hannah Fuller8578,676,elliottgene@yahoo.com
Robin Cain8051,431,pattersondonna@yahoo.com
Kyle James II7938,378,ramirezlisa@hotmail.com
Zachary Chase2270,906,tiffany05@yahoo.com
Amy Estrada3721,972,jasonadams@hotmail.com
Jeremiah Harmon1098,614,louisbarrett@gmail.com
Melissa Baker7883,182,gweaver@yahoo.com
Gregory Blevins257,479,joannabailey@hotmail.com
Alan Greer8281,311,snyderpaul@yahoo.com
Jonathan Johns4660,240,uholder@yahoo.com
Tracy Wall6755,143,kcain@hotmail.com
Taylor Perry3725,273,fchan@gmail.com
Angelica Marshall8419,963,martineztracy@hotmail.com
Sarah Rosales4943,458,rperez@yahoo.com
Stephanie Wood4145,267,mmartin@hotmail.com
Maurice Jacobs201,100,iwashington@hotmail.com
Steven Sparks4795,870,iberry@yahoo.com
Mary Brown8801,119,rhondalopez@gmail.com
Kathryn Holt48,587,vegakristin@yahoo.com
Dennis Hopkins51,468,hkelly@gmail.com
Devin Lee2251,253,carmen89@gmail.com
Jonathan Gonzalez5793,460,lauralang@yahoo.com
Philip Kaiser9991,380,flivingston@gmail.com
Anthony Williams8527,947,jeffrey52@hotmail.com
Deanna Nixon3665,234,lgarcia@hotmail.com
Jamie Walters6144,137,mcguirejennifer@yahoo.com
Jonathan Prince DVM7190,266,april97@gmail.com
Kimberly Maynard3474,271,lindsay38@gmail.com
Linda Ramirez15,217,kyle91@yahoo.com
Melissa Benitez8896,646,hawkinsnichole@hotmail.com
Amy Davis6589,294,johnsoneric@gmail.com
Gary Bates9313,735,ntyler@hotmail.com
Susan Thomas4027,953,smithjose@hotmail.com
Samantha Vargas268,189,tdelgado@yahoo.com
Douglas Bond77,352,woodwilliam@yahoo.com
James Mays7077,989,gonzalezrebecca@gmail.com
Dr. Ann Todd DVM7145,424,heidi45@hotmail.com
Cameron Schaefer7916,127,craig85@hotmail.com
William Espinoza4756,254,manuel89@yahoo.com
William Garrett2330,439,edwardscharles@gmail.com
Matthew Burns5747,126,brittanydaugherty@yahoo.com
Bobby Gonzalez5763,569,jeremy63@hotmail.com
Angela Jones3063,918,clarkeadam@yahoo.com
Kimberly Hall9673,382,thomasmelanie@yahoo.com
Tiffany Castillo6819,120,carolyn84@yahoo.com
Christopher Cohen3341,457,danny67@gmail.com
Rodney Mcdonald8897,612,tammygibbs@gmail.com
David Page3437,780,megangreen@hotmail.com
Erik Fuller7733,982,bmiller@hotmail.com
Matthew Riddle6956,219,danielle06@gmail.com
Derek Hart6980,869,jacksonwendy@yahoo.com
Daniel Peterson2607,884,kevincooper@hotmail.com
Shane Miller4835,774,jennifer36@gmail.com
Jason Johns9718,226,ncordova@yahoo.com
Emma Ford656,243,andrew01@gmail.com
Donna Montgomery2255,615,clinton62@yahoo.com
Travis Evans8182,294,darrenschneider@gmail.com
Jamie Brown351,616,jsmith@hotmail.com
Patrick Stewart3743,102,tyler50@gmail.com
Phillip Carroll5680,710,shelbyduncan@gmail.com
Dustin Rojas3262,605,wbarnett@gmail.com
Meagan Smith1054,585,jasonnelson@hotmail.com
Jason Barnett8440,182,rodriguezjoseph@yahoo.com
Thomas Sheppard1750,824,fordjennifer@gmail.com
Benjamin Chavez9692,857,aaron91@gmail.com
Katelyn Kramer1176,811,tflores@hotmail.com
Charles Williams9491,832,westraymond@gmail.com
Amanda Allen1567,261,samantha01@gmail.com
Kathy Carter7183,447,sylvia85@gmail.com
Audrey Wallace6221,200,cochranlaurie@hotmail.com
Jennifer Williams5772,631,ftaylor@gmail.com
Brittany Sheppard6011,517,donna95@hotmail.com
Jennifer Haley3454,663,pattersonsandra@yahoo.com
David Flores9059,260,amanda15@gmail.com
Jared Huber8017,575,marissalowe@yahoo.com
Melissa Roberts5463,707,palmerjoel@yahoo.com
Amber Leonard MD3184,725,april16@gmail.com
Melanie Huerta4541,218,gonzaleznathan@yahoo.com
Robin Hunt1049,611,johnbecker@hotmail.com
Steven Beltran3744,781,lynnashley@hotmail.com
Travis Cross9113,376,usmith@yahoo.com
Joseph Cannon4644,144,dawnblake@hotmail.com
Amy Owens7882,305,codyrussell@yahoo.com
Candice Brock2276,865,timothybowen@hotmail.com
John Long9379,418,ohuff@hotmail.com
Alan Bartlett4879,497,ambermclaughlin@gmail.com
Brandon Shepard964,768,jamescortez@hotmail.com
Katelyn Lutz517,547,hunterwilliams@yahoo.com
Rebecca Trevino9022,618,allenwhitney@hotmail.com
Kiara Bates3427,201,geralddouglas@yahoo.com
Donald Baxter4377,246,austinmanning@hotmail.com
Ashlee Downs7684,790,lopeztyler@hotmail.com
Kathryn Mcintosh5047,233,carlcampbell@gmail.com
Terry Tucker6527,189,martinezabigail@gmail.com
Tanya Valdez6459,325,ljensen@yahoo.com
Luis Phelps9657,179,walshsteven@yahoo.com
Rebecca Williamson DVM5044,786,stephaniebautista@hotmail.com
Christopher Gallagher7591,697,dylan16@gmail.com
Patrick Jennings5737,601,rthomas@gmail.com
Brittany Rogers9228,851,briannaclements@yahoo.com
William Williams7203,970,spencerrivera@gmail.com
Roger Hayes3904,988,aholmes@hotmail.com
Theresa Singleton1391,243,stephanieweiss@gmail.com
William Berry2067,397,jon74@yahoo.com
Ray Williams8905,496,qdyer@yahoo.com
Amanda Rodriguez8134,541,monicaweaver@hotmail.com
Elizabeth Parks6458,794,curtis11@gmail.com
Robin Bennett9337,756,cjones@hotmail.com
Jeremy Hernandez MD6064,112,andersonjames@yahoo.com
James Mills5395,699,elizabeth07@gmail.com
Thomas Jenkins3152,164,gabrielawatson@hotmail.com
Alicia Lopez9627,585,julia92@yahoo.com
Anthony Sanchez5064,767,kristine86@gmail.com
Rebekah Lee6380,144,perkinsphillip@gmail.com
Dwayne Keller2398,558,garciadaniel@hotmail.com
Daniel Martin6304,795,carrievilla@gmail.com
Patricia Brown7992,422,vjohnson@gmail.com
Jeffrey Hall870,440,lmckenzie@yahoo.com
Laura Gilbert3355,112,kennedysarah@yahoo.com
Brian Jackson1694,320,zbryant@hotmail.com
Calvin Sanford7271,213,taylorhenderson@hotmail.com
Blake Payne9567,121,khahn@yahoo.com
Rodney Schwartz6827,920,ugarcia@yahoo.com
Karen Miller9664,854,galvannathan@yahoo.com
Jennifer Peters9499,613,james40@gmail.com
Natalie Dillon5661,687,pwilson@hotmail.com
Alyssa Martin2748,254,andrew84@gmail.com
William Rangel7232,629,uhall@gmail.com
Abigail Caldwell3180,101,lewisstephen@hotmail.com
Nicholas Hull7739,321,zsherman@gmail.com
Wendy Gibson7356,942,rogergarcia@yahoo.com
Melissa Sweeney6550,200,erin13@hotmail.com
Gail Brennan2946,157,coffeyraymond@yahoo.com
Ronald Mills Jr.7067,517,laura13@gmail.com
Tonya Schmitt7658,191,maryjohns@yahoo.com
William Hines6694,374,castillocourtney@gmail.com
Benjamin Green3754,505,joshua52@hotmail.com
Jacob Alvarez5828,807,dkennedy@gmail.com
Justin Dawson5937,238,kenneth38@yahoo.com
Eduardo Davidson7014,525,ymejia@gmail.com
Sean Roman6822,196,sjohnson@yahoo.com
Jamie Martin3971,866,amartin@hotmail.com
Derek Anderson4060,633,tramirez@gmail.com
Nicole Murray7304,272,markadams@gmail.com
Heather Aguirre8665,842,mconner@hotmail.com
Renee Rodriguez7272,879,kayla48@gmail.com
Dennis Wade8547,537,andrew75@gmail.com
Meagan Stewart3383,927,douglas69@hotmail.com
Jimmy Hinton8478,101,hallnicole@hotmail.com
Blake Reese9169,783,bortiz@yahoo.com
Scott Fields8508,678,doughertybrian@gmail.com
Michelle Fisher MD965,930,srojas@gmail.com
Mary Cummings8135,998,johnsonmegan@gmail.com
Bryce Flores9659,459,janetmclean@hotmail.com
Cheryl Kirby7576,796,catherinehoward@yahoo.com
Blake Martinez7521,282,awatts@gmail.com
Marissa Gonzalez6287,892,gregoryanderson@yahoo.com
Kenneth Rice7540,947,tcunningham@yahoo.com
Kevin Cabrera6646,162,brandi94@yahoo.com
Matthew Lewis8456,985,petersbrian@hotmail.com
Mark Reeves1639,500,oanderson@yahoo.com
Aaron Christian9225,962,joshua69@gmail.com
Robert Flores1776,101,hartolivia@yahoo.com
Kevin Baker4828,479,holtroger@gmail.com
Vincent Walker4530,147,hooverpatrick@yahoo.com
Brandi Fox6233,436,robert09@gmail.com
Jerry Martin3594,984,dbeasley@yahoo.com
Angela Parks4406,298,matthewholder@hotmail.com
Jay Brown8038,303,sarahhunt@gmail.com
Lindsay Smith8102,556,blake13@hotmail.com
Matthew Erickson9559,587,michellehardy@yahoo.com
Shannon Sullivan9461,271,kayla68@yahoo.com
Laura Peters4888,842,kylebarton@gmail.com
Jennifer Smith4299,134,chaas@hotmail.com
Kevin Benton7031,143,davisjoshua@gmail.com
Carolyn Woods4432,248,melissa85@hotmail.com
Brenda Brown1430,164,ythomas@gmail.com
George Cooper6998,328,timothymoore@yahoo.com
Taylor Hodges246,423,richard33@gmail.com
Karl Craig6421,125,smithkarina@gmail.com
Kayla Boyle3809,776,georgeandrew@gmail.com
Christina Anderson1999,145,lloydjoseph@gmail.com
Holly Burke8329,529,jferguson@yahoo.com
Benjamin Gibson8892,927,jennifer51@gmail.com
Karen Gonzalez7427,648,khuynh@yahoo.com
James Patton4075,580,kristin19@yahoo.com
Harold Le2119,361,isabel73@yahoo.com
Melanie Lopez3816,989,kristin59@yahoo.com
Tina Moore3307,494,xoconnor@hotmail.com
Thomas Henry7472,549,freemanmark@yahoo.com
Todd Rodriguez1833,119,justin36@gmail.com
Anthony Woods637,756,hbooker@yahoo.com
Kelsey Williams7140,503,mwilliams@hotmail.com
Rachael Vargas DDS16,200,ashleythompson@yahoo.com
Seth Elliott6953,190,adavis@yahoo.com
Joel Chavez4208,606,meghanschultz@yahoo.com
Joyce Robertson8565,227,patrick33@yahoo.com
Brittany Li9350,485,michaelevans@hotmail.com
Heather Nunez667,407,taylorkevin@hotmail.com
Leslie Nash4435,795,tinavalencia@hotmail.com
Diana Frank5751,937,sfrost@yahoo.com
Rachel Garcia5927,872,joseph76@yahoo.com
Kimberly French6695,755,lindseywilliams@yahoo.com
Ronald Haley8331,981,sarahsingleton@hotmail.com
Charles Parrish7409,392,clinebryan@yahoo.com
Joshua Davis9609,457,kellyashley@gmail.com
Taylor Fischer8685,236,bradleythompson@hotmail.com
Natalie Ellis3268,891,qberry@yahoo.com
Calvin Nelson4469,933,jennifermolina@yahoo.com
Rebecca Anderson3718,549,henryjohn@yahoo.com
Noah Martinez952,422,franktammie@hotmail.com
Randall Morrison4805,203,prattlarry@hotmail.com
Sherri Juarez2088,865,emmaharrison@gmail.com
Adam Vasquez3506,691,karenvaldez@yahoo.com
Mr. Phillip Meyer6203,593,anavarro@hotmail.com
Michelle Hall7282,282,rtaylor@gmail.com
Sharon Murray8328,217,stevenedwards@hotmail.com
Daniel Moon8736,338,daniel15@hotmail.com
Rachel Perry4134,317,wadejacqueline@yahoo.com
Tabitha Green8586,299,sandra59@yahoo.com
Robert Hogan8449,447,bauerkathy@yahoo.com
Laura Ortiz5388,629,kellie21@hotmail.com
Valerie Allen4247,954,josephjohnson@hotmail.com
Bradley Cook4105,421,lucascraig@gmail.com
Nicholas Winters3513,464,cardenasnancy@hotmail.com
Aaron Solis2000,652,wintersgina@yahoo.com
Mark Huber9115,753,evansjeffrey@yahoo.com
Julie Cohen1925,561,ghodges@yahoo.com
William Hart5756,557,samuel12@hotmail.com
Matthew Perry5448,220,darrellharper@yahoo.com
Kathryn Bass7136,614,dillon19@gmail.com
Kristopher Price5970,235,elizabeth37@hotmail.com
Richard Mcintosh MD5049,176,torresrebekah@hotmail.com
William Warren217,793,heather46@gmail.com
James Graves8010,960,larryfarmer@gmail.com
Susan Young4746,405,spencerbailey@gmail.com
Christine Greer3964,935,marcus96@yahoo.com
Danielle Pittman1144,371,jvillanueva@gmail.com
Henry Wong6269,581,sabbott@gmail.com
Ashley Graham7463,444,cynthia25@yahoo.com
Anthony Johnson5369,822,christopher84@yahoo.com
Clayton Morton1031,812,smithjacqueline@yahoo.com
Marissa Alexander5198,368,derekgray@hotmail.com
Kimberly Banks7960,553,griffinamy@gmail.com
Carolyn Ayala7461,873,jacquelinevelasquez@yahoo.com
Kristin Mccormick9812,713,udelgado@yahoo.com
William Davis8766,517,mscott@hotmail.com
Reginald Flores4646,599,reedjulian@hotmail.com
Daniel Smith5627,459,adriennejohnson@gmail.com
Andrea Moreno8081,765,martinsanchez@hotmail.com
Sierra Mullins3953,848,rasmussendestiny@gmail.com
Tara Jones2912,315,jennifer99@gmail.com
Sandy Banks9214,789,bakerlisa@gmail.com
Bryan Le4590,546,martinmcneil@hotmail.com
Mr. Douglas Lopez7895,304,mconner@hotmail.com
James Zamora6026,626,andrew57@hotmail.com
Albert Harris9196,136,catherine04@hotmail.com
Alexander Hill1576,160,fhamilton@hotmail.com
David Hunter8895,536,david74@hotmail.com
Michael White3594,518,cbanks@yahoo.com
Tracy Huang4208,297,mvelasquez@yahoo.com
Brooke Briggs3359,794,englishjake@yahoo.com
Susan Salazar1730,983,ewilson@yahoo.com
Anthony Hendricks5096,726,ambergonzalez@gmail.com
Sarah Clark6393,669,jamestaylor@gmail.com
Shannon Wilson6480,985,figueroadanielle@gmail.com
John Griffith5149,827,mitchellmueller@gmail.com
David Buchanan3027,716,stevensjeffrey@hotmail.com
Kristin Soto3519,191,nicholasfarmer@yahoo.com
Nicole Nichols5795,307,vegaadam@hotmail.com
Alan Rhodes8831,646,msandoval@yahoo.com
Jill Walton1600,981,michael62@hotmail.com
Erika Conley4850,938,olewis@gmail.com
Shawn White2995,670,jesse95@hotmail.com
David Johnson6517,448,emorse@gmail.com
Timothy Kerr7088,210,reginaldhampton@gmail.com
William Cook3951,492,jennifer53@yahoo.com
Russell Martin8877,954,abigailbutler@gmail.com
Sierra Carter5735,427,clarkjessica@gmail.com
Mary Shaw8260,567,beverly34@yahoo.com
Stephanie Gray8404,105,baileychristy@yahoo.com
Cynthia Davis1367,697,rcastaneda@gmail.com
Barbara Short2921,491,michael91@gmail.com
Angelica Atkinson4964,662,cellis@yahoo.com
Mr. Luke Abbott8362,604,justinhamilton@gmail.com
Amanda Richardson6336,370,mcbridekathleen@hotmail.com
Charles Jackson1529,917,kevin41@yahoo.com
Belinda Peterson8434,336,jennifer28@gmail.com
Bryan Smith7311,135,angelica84@yahoo.com
Allison Lane108,365,scottlaura@hotmail.com
Darrell Khan1387,813,amanda90@hotmail.com
Christina Rivera3933,840,timothy85@yahoo.com
Alicia Ortiz8125,303,pturner@gmail.com
Gwendolyn Williams9709,841,perkinskimberly@hotmail.com
Jennifer Taylor7111,572,jhunt@gmail.com
John Long5573,135,nwalker@gmail.com
Eileen Sharp2899,612,margaretvillanueva@hotmail.com
Dale Johnson8214,870,derrick81@yahoo.com
Paula Adams1138,692,ghernandez@hotmail.com
Larry Ortega3246,499,zmcguire@gmail.com
Breanna Boyd8918,201,larryclark@hotmail.com
Joshua Brown9191,946,toddmunoz@hotmail.com
Stephen Erickson2943,438,hstewart@yahoo.com
Paul Wolfe7149,804,jennifermontgomery@yahoo.com
Jamie Schneider8588,664,amber97@hotmail.com
Michael Johnson1409,363,tylercabrera@hotmail.com
Mrs. Janice Rocha5416,628,gballard@hotmail.com
Walter Burton4300,918,brownmicheal@gmail.com
Kevin Johnson3108,163,timothy33@hotmail.com
Kelli Castro8344,786,clayton70@hotmail.com
Rebecca Carr2368,281,moralesmary@yahoo.com
Michael Lynch3395,779,dfleming@yahoo.com
Catherine Daugherty2820,354,yvette98@yahoo.com
Adrian Johnson9612,116,braunjoseph@hotmail.com
Kerri Hutchinson692,399,laurenbarrett@yahoo.com
Mary Richardson7462,144,wmccormick@yahoo.com
Evan Francis2462,653,peter86@gmail.com
Janet Anderson6841,379,carriegallegos@hotmail.com
Aaron Lopez3637,258,gabriel66@gmail.com
Randall Combs6019,919,lcooper@hotmail.com
Teresa Martinez5600,682,potterjose@gmail.com
Tyler Webb9894,567,jorge64@hotmail.com
Christopher Miller7873,535,hodgesdawn@gmail.com
Laura Santiago5069,242,brownsean@hotmail.com
Nathan Moore5210,353,dstark@hotmail.com
Eric Smith7409,171,richmondjoy@yahoo.com
Robert Mcdaniel5771,720,hjohnson@yahoo.com
Amanda Kim8718,461,hannahthomas@gmail.com
Mr. Alan Russo8464,658,christopher15@gmail.com
Steven Patrick5775,482,ncole@yahoo.com
Joshua Aguirre9018,176,michael65@yahoo.com
Casey Drake9046,821,lindaodonnell@gmail.com
Breanna Lamb4756,330,christinawilliams@hotmail.com
Laura Meyers5501,863,brian97@yahoo.com
William Hughes5761,149,corey44@hotmail.com
Theresa Jackson5713,207,qwilkinson@gmail.com
Tina Walsh MD6049,851,chris06@hotmail.com
Samantha Garcia3087,177,wandasmith@gmail.com
Michele Myers7552,841,lindsaymendoza@yahoo.com
Brandon Mcdowell878,775,hhahn@yahoo.com
Emily Allen6179,607,ashleygonzales@hotmail.com
Lisa Martinez485,856,brandy65@hotmail.com
Melissa Moody7412,673,christina52@gmail.com
Lisa Lucero8353,604,ruizbarbara@gmail.com
Matthew Moore930,893,wayne91@hotmail.com
Megan Stone6824,831,martinwendy@yahoo.com
Rebecca Ramos5914,201,william39@yahoo.com
Christopher Becker2449,448,brandonsullivan@gmail.com
Heather Bush5523,461,christine17@gmail.com
Jerry Combs4149,513,danaross@yahoo.com
Danielle Barry630,659,douglasyoung@yahoo.com
Brenda Williams3420,119,jamesriley@gmail.com
Joanna Williams1273,601,davissusan@hotmail.com
Anthony Jones3709,674,karen50@gmail.com
Chad Landry34,388,lisamarsh@gmail.com
Gary Shannon8925,645,obrown@hotmail.com
Dr. Isabel Zimmerman445,158,zacharygilbert@yahoo.com
Justin Jones8006,181,rward@hotmail.com
Robert Sampson944,814,blakemelissa@yahoo.com
Nancy King7249,370,kaitlyn45@hotmail.com
Troy Williams9215,197,sararay@gmail.com
Eric Cook9123,357,hicksjasmine@gmail.com
Raymond Davis8742,802,cynthia07@yahoo.com
Brenda Bautista8214,868,kkeller@gmail.com
Andrew Wagner9238,221,kevin29@hotmail.com
Charles Smith3119,634,andrewcampbell@hotmail.com
Darrell Watkins1790,437,lsanchez@hotmail.com
Amber Henderson7577,769,brownbrian@gmail.com
Pamela Cortez5883,119,edward95@yahoo.com
Melissa Cortez3884,496,zblack@gmail.com
Chris Vance9238,596,josephkramer@yahoo.com
Erica Hernandez593,587,timothyanthony@yahoo.com
Pamela Orr3456,298,kim66@hotmail.com
Zachary Key3342,288,jack64@gmail.com
Megan Hansen6065,704,patriciabradley@yahoo.com
Jeanne Deleon551,439,angelagonzales@gmail.com
Tricia Morrison7786,274,sanchezcaitlin@gmail.com
Ryan Bolton1254,439,wbrown@hotmail.com
Erin Johnson1745,349,fevans@gmail.com
Joshua Terry5019,296,stevendixon@gmail.com
Anthony Lopez7657,785,millertrevor@hotmail.com
William Ball4704,488,hbeck@gmail.com
Benjamin Adams3469,171,cdaugherty@hotmail.com
Matthew Wheeler7565,716,batesdaniel@gmail.com
Ann Gonzalez6057,390,julie80@hotmail.com
Alex Gregory9224,982,andreaaguilar@hotmail.com
Tiffany Smith6872,544,eugene85@hotmail.com
Jesse Garcia3038,177,rebecca36@hotmail.com
Todd Daniel1498,993,kmalone@yahoo.com
Amanda Hamilton5093,564,aaron21@hotmail.com
Megan Moore2482,178,michaelbarnes@yahoo.com
Gerald Griffin8252,753,barberthomas@gmail.com
Jennifer Glover3225,219,qmontoya@hotmail.com
Alexandria Joyce8610,532,brownshelley@gmail.com
April White1398,223,roachanna@hotmail.com
Stephanie Spence511,578,dianamarshall@hotmail.com
Deborah Hernandez7211,345,craigobrien@yahoo.com
Stephanie Estrada7001,770,rojasderrick@yahoo.com
Gregory Smith1989,131,dayjames@hotmail.com
Mary Flores8203,169,baueramy@yahoo.com
Dr. Matthew Pena1170,832,schmidtsarah@hotmail.com
Mary Weber934,738,lbailey@gmail.com
Jennifer Hernandez4632,902,sotodaniel@yahoo.com
Lauren Carter9714,303,osanders@hotmail.com
David Mitchell3684,172,greensusan@gmail.com
Brittany Cooper9946,798,jasonjohnston@yahoo.com
Luis Houston4716,792,nwebb@hotmail.com
Amber Flores3520,776,chadjohnston@hotmail.com
Patricia Kirby830,555,kristinsheppard@yahoo.com
John Maldonado8334,506,vasquezshawn@hotmail.com
James Rice7114,405,janehood@yahoo.com
Edward White3815,385,davenportshane@hotmail.com
John Fitzgerald4685,917,qmiller@gmail.com
Jamie Ramirez1196,468,dana92@yahoo.com
Robert Miller6340,697,dlevine@hotmail.com
Charlotte Shaw5833,180,gutierrezwhitney@gmail.com
Robert Pope2520,727,sanderspamela@gmail.com
Joy Buchanan9960,129,ehicks@yahoo.com
Stephen Clark9736,331,chad83@yahoo.com
Adrian Bennett246,690,john97@yahoo.com
Matthew Todd1446,410,sandra95@gmail.com
Mary Hendricks2362,931,davidbates@yahoo.com
James Collins2011,766,manuelayala@yahoo.com
Samantha Ramirez5131,545,zprice@hotmail.com
Pamela Brock6596,461,davidbarrett@gmail.com
Angela Hart7429,693,tthompson@gmail.com
Gary Edwards7096,942,valeriesaunders@gmail.com
Lori Sanchez5856,228,alisoncoleman@yahoo.com
Joshua Gilbert590,962,joseph65@hotmail.com
Adam Barker3809,755,martinezkevin@hotmail.com
Drew Cruz9418,338,kaiserkarina@yahoo.com
Erica Acosta6613,494,williamcoleman@yahoo.com
Samuel Franklin2371,619,karen96@hotmail.com
William Bradley4448,116,rruiz@yahoo.com
Melinda Osborne3196,134,xdavis@gmail.com
Jason Rodriguez DVM5514,626,quinnmolly@yahoo.com
Laurie Oconnor2914,433,robertwilliams@gmail.com
Crystal Garcia1149,806,bthomas@gmail.com
Timothy Davis4965,587,pettyashlee@hotmail.com
Beth Bender2633,492,baileyantonio@yahoo.com
Alejandro Davis5702,131,ginaphillips@hotmail.com
Emma Garrison5991,795,ithomas@gmail.com
Perry Hodges4980,139,hoganalice@gmail.com
Aaron Morales7637,555,hogankevin@yahoo.com
Bethany Miller489,882,dianagomez@hotmail.com
Paula Lane9737,464,rebekah47@gmail.com
Christopher Sanders4168,796,michelejohnson@gmail.com
Jacob Norris9486,728,bretttorres@hotmail.com
George Ruiz4494,660,petersenalexandra@gmail.com
Candace Reyes6544,892,bowmankathy@gmail.com
David Davis6035,709,martin63@gmail.com
Jason Brown7216,378,kreynolds@hotmail.com
Kristine Peterson5887,467,danielerica@gmail.com
Mark Robbins6093,968,alexisjensen@hotmail.com
Joann Montgomery5128,488,qvaldez@yahoo.com
Tina Bennett4126,991,frederick97@yahoo.com
Paul Cook586,429,hannahwinters@yahoo.com
Peter Smith3908,673,crawfordmichelle@yahoo.com
Mrs. Sarah Mosley9144,935,twatson@yahoo.com
Matthew Johnson6602,832,garciakevin@gmail.com
William Mcbride557,215,smithmichael@gmail.com
Autumn Adkins9171,441,edwin47@gmail.com
Joanne Richard2023,181,mcguireryan@yahoo.com
Tina Allen5067,569,gardnercarolyn@yahoo.com
Michelle Arnold7030,915,johnsonpamela@gmail.com
Derrick Jimenez1506,650,smitchell@hotmail.com
Brian Haley5836,146,robertgeorge@gmail.com
Amanda Gonzales8146,698,wclark@gmail.com
Marissa Carlson3182,944,jeffreymartin@yahoo.com
Michelle Ford2312,919,christopher98@yahoo.com
Vincent Foster5324,271,coxpeggy@gmail.com
Julie Anderson3443,669,jasonwall@yahoo.com
Morgan Hall7605,296,tinamckinney@yahoo.com
David Haynes6322,474,paul97@hotmail.com
Brian Mendez8095,630,griffingilbert@gmail.com
Leslie Johnson2106,347,kristin84@hotmail.com
Paige Reese9176,757,crystalwade@yahoo.com
Hailey Moore5197,827,bishopholly@gmail.com
Timothy Sharp2419,209,kevinmoore@hotmail.com
Brian Mason7526,518,perrycassandra@hotmail.com
Jennifer Brown7631,282,kimyoung@hotmail.com
Charles Benitez3635,904,uwatts@hotmail.com
Russell Mcclain2803,812,pbowers@gmail.com
Mr. William Hughes7296,428,isaac86@yahoo.com
Robin Avila2352,297,ogiles@hotmail.com
Jenna Santos9463,772,leeashley@yahoo.com
Toni Lewis4880,690,mmoreno@hotmail.com
John Jones9998,605,claudiaramos@gmail.com
Courtney Scott5435,190,jeffreymckinney@yahoo.com
Jessica Reed6399,966,katherinejones@gmail.com
Jill Lynn5188,339,chad00@yahoo.com
Ann Smith916,949,michelleanderson@yahoo.com
Lawrence Washington616,893,ryanpadilla@gmail.com
Christopher Castillo8014,716,dickersongarrett@yahoo.com
Evan Thomas8829,873,harrellkathleen@yahoo.com
Nancy Cole9765,512,jonesalex@gmail.com
Michael Wagner3396,906,mckaydonna@hotmail.com
Denise Williams7222,766,dwayneprice@hotmail.com
Mitchell Lewis2488,231,catherine04@gmail.com
David Garza2320,486,bperkins@hotmail.com
Amanda Hernandez1135,585,josephtimothy@yahoo.com
Thomas Rodriguez8883,370,johnherrera@yahoo.com
Victoria Hubbard4862,651,cooperjames@yahoo.com
Rebecca Jensen6111,152,christianbrown@hotmail.com
Brandon Graham2852,507,amanda98@gmail.com
Tony Duran9126,821,lisacortez@gmail.com
Joseph Booth6733,203,jennifer73@gmail.com
Hannah Rhodes1705,652,cgray@hotmail.com
Gail Johnson1294,711,reyesjose@gmail.com
Evan Thomas6324,494,corymiller@yahoo.com
Mary Gilbert3337,724,simpsonsierra@yahoo.com
Kathy Jones6095,471,elizabeth70@yahoo.com
James Myers4571,459,holly74@hotmail.com
Nicole Marquez8254,172,kellyjulie@yahoo.com
Brittany Gallagher2996,748,michaelmarquez@yahoo.com
Michael Allen5088,299,gonzalezjames@yahoo.com
Christina Aguirre1007,197,wrightdouglas@hotmail.com
Brandon Adams1546,686,twilliams@yahoo.com
Susan Diaz2353,260,bnelson@gmail.com
Allison Pitts6725,593,ewingtina@yahoo.com
Sharon Mullins8709,644,eric21@yahoo.com
Dr. Jordan Soto6363,373,karen76@hotmail.com
Elizabeth Powers199,103,kjones@hotmail.com
Kyle Vance803,785,wellscole@gmail.com
Denise Salas4784,515,flee@gmail.com
Austin Porter646,892,nataliereynolds@hotmail.com
Angela Eaton1128,665,garciajavier@yahoo.com
Corey Carson8650,762,thomas62@hotmail.com
Dawn Martinez4534,727,marcusharris@gmail.com
Denise Patton6792,236,bward@yahoo.com
Justin Morris4084,379,ulong@hotmail.com
Kimberly Kennedy6263,444,heathervang@yahoo.com
Arthur Rios8673,353,staceywilson@yahoo.com
Angela Thomas8538,325,sheila51@gmail.com
Nicole Taylor6094,373,eric61@gmail.com
Janet Baird8434,497,sonia79@hotmail.com
Gregory May6933,252,hunterashley@gmail.com
Amber Fernandez4546,824,david73@yahoo.com
Kayla Dean6353,278,benjamin29@gmail.com
Michael Smith348,588,fshields@gmail.com
Tammy Bailey64,120,lisafrancis@yahoo.com
Leah Lopez1839,918,nathan79@hotmail.com
Kevin Smith165,333,hannah94@gmail.com
Amber Boone5116,209,charles17@gmail.com
Kevin Rodriguez1121,135,lanebrenda@hotmail.com
Steven Johnston8036,914,patrick30@hotmail.com
Alyssa Reeves4292,902,jonesmiguel@hotmail.com
David Reilly35,515,pmorgan@gmail.com
Nicole Baird668,149,hwilson@hotmail.com
Victor Jordan8284,670,jasonpayne@hotmail.com
Chelsea Meza1004,263,garciascott@yahoo.com
John Walker1350,200,munozcarolyn@hotmail.com
Jerome Miranda5020,124,austincervantes@yahoo.com
Joshua Green6213,307,harrisjoshua@gmail.com
Ashley Little7135,942,tiffanymayer@gmail.com
Darlene Perkins6187,436,diaztimothy@hotmail.com
Alicia Richards2254,790,bjohnson@gmail.com
Andrea Castillo2094,514,walkermeagan@gmail.com
Holly Wolfe612,978,maguilar@gmail.com
Richard Newman1402,937,mwilliams@gmail.com
Brett Flores9726,526,martinmiller@gmail.com
Ariel Frye3265,870,jeffrey47@hotmail.com
Jennifer Sanchez6800,193,johnmcdonald@hotmail.com
Amanda Ramos4620,148,moorestephanie@gmail.com
Sheila Schmidt1646,769,swoods@gmail.com
Seth May9948,784,jessicagarner@gmail.com
Danielle Vargas4106,324,kevin45@yahoo.com
Trevor Smith9085,994,emilykrause@yahoo.com
Mary Richards993,428,spreston@gmail.com
Carrie Martinez413,376,odonnelljennifer@gmail.com
Jeffery Lopez4720,440,lewisbilly@gmail.com
Wesley Adams1811,528,fordangela@yahoo.com
